"","V4","total"
"1","@realDonaldTrump",14106218
"2","@realdonaldtrump",7159966
"3","@mippcivzla",4235021
"4","@joebiden",3497929
"5","@narendramodi",3303595
"6","@potus",2168135
"7","@JoeBiden",1901092
"8","@drericding",1409217
"9","@manuelrico",1251111
"10","@vtvcanal8",1095019
"11","@rwmalonemd",1008226
"12","@disclosetv",936688
"13","@nicolasmaduro",916895
"14","@DrRPNishank",872180
"15","@btstwt",834335
"16","@elonmusk",797367
"17","@kkmputrajaya",780980
"18","@aoc",729010
"19","@drdavidsamadi",699038
"20","@CNN",679706
"21","@jackposobiec",656383
"22","@kamalaharris",604068
"23","@occupydemocrats",579268
"24","@LicypriyaK",579101
"25","@ProjectLincoln",535328
"26","@realcandaceo",518218
"27","@WHO",517395
"28","@pmoindia",517037
"29","@drelidavid",485192
"30","@kylegriffin1",480448
"31","@petersweden7",479588
"32","@rahulgandhi",471582
"33","@variant",395910
"34","@delta",355388
"35","@RealJamesWoods",355196
"36","@charliekirk11",333885
"37","@unicef",328965
"38","@NYGovCuomo",321033
"39","@Swamy39",319706
"40","@drsimonegold",305021
"41","@govrondesantis",295291
"42","@BarackObama",273669
"43","@DrTedros",266338
"44","@flotus",259076
"45","@nytimes",238596
"46","@BernieSanders",234491
"47","@faheemyounus",234224
"48","@OHmes2",227711
"49","@ConflitsFR",224356
"50","@justintrudeau",216989
"51","@michaelpsenger",213870
"52","@repthomasmassie",210979
"53","@claytravis",209284
"54","@drrpnishank",207663
"55","@KamalaHarris",207473
"56","@Ibraofficial",207316
"57","@chuckcallesto",205949
"58","@cdcgov",204343
"59","@manopsi",201179
"60","@lopezobrador",200326
"61","@rexchapman",193994
"62","@tarak9999",191674
"63","@rbreich",179147
"64","@spectatorindex",176768
"65","@dghisham",176500
"66","@donaldjtrumpjr",172346
"67","@borisjohnson",171559
"68","@zornitsaxx",166814
"69","@RealCandaceO",164374
"70","@AOC",163899
"71","@donwinslow",156544
"72","@BrynnTannehill",154632
"73","@robroos",153983
"74","@skaijackson",152123
"75","@ohmes2",151758
"76","@PMOIndia",149552
"77","@sheriantoinette",148799
"78","@jimjordan",145261
"79","@BTStwt",144579
"80","@angelicaxval",144571
"81","@gregabbotttx",143210
"82","@MikelJollett",143077
"83","@funder",142855
"84","@suthichai",142445
"85","@RahulGandhi",142265
"86","@randpaul",142057
"87","@mmpadellan",138604
"88","@usfda",136748
"89","@stfunell",134474
"90","@samiam2021md",133051
"91","@ASlavitt",131967
"92","@tedlieu",131829
"93","@biondiewasabi",130084
"94","@mediavenir",128194
"95","@bnodesk",127603
"96","@projectlincoln",127103
"97","@AISAtweets",126978
"98","@ossoff",125079
"99","@brian2grimey",124714
"100","@KKMPutrajaya",124210
"101","@un",123427
"102","@catturd2",121680
"103","@chartsk",121636
"104","@yzngangel",121432
"105","@unicefchief",121252
"106","@realjameswoods",117986
"107","@stevenzequ",115899
"108","@gma",114580
"109","@wewantMor",114172
"110","@KILLBILLEVOL1",113243
"111","@nickiminaj",112932
"112","@Fayemous",112354
"113","@theogdc",111126
"114","@ani",110586
"115","@who",109386
"116","@demetriachavon",108476
"117","@repkatieporter",107733
"118","@mxwxzz",107030
"119","@bgluckman",105157
"120","@lindseygrahamsc",104396
"121","@danamoralesss",104297
"122","@draseemmalhotra",104226
"123","@imrankhanpti",103796
"124","@rekszn",103570
"125","@wendizzle",103011
"126","@btsbighit",101645
"127","@mhdksafa",101218
"128","@theepex",100835
"129","@BT21",99262
"130","@riotwaltz",98842
"131","@clownlito",98827
"132","@rterdogan",96787
"133","@miriamh13",96246
"134","@repjayapal",95344
"135","@505eunice",94156
"136","@rudygiuliani",93908
"137","@doctoroxford",93523
"138","@khunneung137",92718
"139","@jocehfk",91342
"140","@ZackBornstein",90997
"141","@eugenegu",90932
"142","@bighitent",90380
"143","@curtisisbooger",90000
"144","@Abdulmir19",89834
"145","@theprincedylan",89725
"146","@RJXXIV",89499
"147","@andrewshuk2112",89218
"148","@CamealAshley",89004
"149","@migizikwe",88989
"150","@nickwiger",88927
"151","@HeavenSentMel",87053
"152","@SrBachchan",86853
"153","@MatthewACherry",86599
"154","@allareblessed",86382
"155","@barackobama",86335
"156","@JackPosobiec",86043
"157","@whitehouse",85995
"158","@intothebrush",85848
"159","@moonriver365",85717
"160","@washikirei",85241
"161","@offchainon",85176
"162","@buhrooke",83531
"163","@zackbornstein",83120
"164","@zubymusic",82908
"165","@alsoto7",82605
"166","@sugaplumami",82555
"167","@yagirlkat",82238
"168","@naomusiker",80809
"169","@emaperidol",80555
"170","@KyleKulinski",80390
"171","@llinwood",80278
"172","@Tgiferb",80271
"173","@BrianduNord",80022
"174","@SandeepSaurav",79285
"175","@danrather",78988
"176","@tuckercarlson",78954
"177","@alfredodelmazo",78772
"178","@cnn",78260
"179","@pfizer",78205
"180","@maddow",77894
"181","@danpriceseattle",77831
"182","@emilykrebs6",77657
"183","@itsdryx",77638
"184","@aginnt",77254
"185","@erictile",76850
"186","@choloabel",76668
"187","@jrnalll",76585
"188","@jodidoering",76477
"189","@jenniferjjacobs",76472
"190","@DatMichCray",75982
"191","@jessekellydc",75969
"192","@khetithegreat",75908
"193","@ilneroback",75859
"194","@CoachJustice10",75769
"195","@goldoveries",75664
"196","@hlgatell",74986
"197","@mrgoya01",74980
"198","@berniespofforth",74970
"199","@cxrpxe",74751
"200","@jamesmelville",74554
"201","@valeriatapia",74439
"202","@marinarasawce",74292
"203","@fvrnandaa",74281
"204","@JudahTheSimp",74141
"205","@alanaauston",73817
"206","@craigaspencer",73375
"207","@matthancock",72734
"208","@officialplt",72343
"209","@f8th",72293
"210","@lexilulu",71668
"211","@saysthefox",71460
"212","@tristansnell",71293
"213","@pompomcoffee",71290
"214","@jennidigital",70537
"215","@bassbarbie182",70150
"216","@haruharuwbts",69529
"217","@berniesanders",69204
"218","@KanganaTeam",69070
"219","@BorisJohnson",69044
"220","@stephenking",68939
"221","@DanRather",68297
"222","@siwuol",67330
"223","@joshuapotash",67298
"224","@paulsperry",67269
"225","@kingdeficit",67178
"226","@dcmadness202",66997
"227","@kirawontmiss",66982
"228","@zachnm",66891
"229","@jodipicoult",66852
"230","@ishathepoet",66814
"231","@jnyjinjin",66452
"232","@MK813",66328
"233","@kiranxx",66067
"234","@drtedros",66042
"235","@oscaardiaz",65958
"236","@ellorysmith",65693
"237","@kicchasudeep",65462
"238","@chancsmith",65229
"239","@vp",64930
"240","@forensictoxguy",64927
"241","@Loeybug",64753
"242","@mitsurutenma",64497
"243","@jemelehill",64321
"244","@thebradfordfile",64128
"245","@essexpr",64048
"246","@bcraigv",63819
"247","@gmmtv",63374
"248","@eyekon131",63249
"249","@danhaelle",63199
"250","@birdexecutive",63086
"251","@nyshuffler",62918
"252","@DaniOliver",62577
"253","@sajidjavid",62405
"254","@emresus",62369
"255","@JJMaples55MST",62326
"256","@choibts2",62247
"257","@joncoopertweets",62239
"258","@noliewithbtc",62073
"259","@PlainJanie",61957
"260","@abcdrih",61923
"261","@DGHisham",61892
"262","@edmcupid",61757
"263","@stellaimmanuel",61735
"264","@antonioguterres",61721
"265","@briantylercohen",61627
"266","@kynjoy",61484
"267","@radseed",61457
"268","@danaoneika",61075
"269","@volinxx",60986
"270","@processic",60950
"271","@nicolecoyle5",60693
"272","@diayannna",60577
"273","@mkstalin",60532
"274","@hhsgov",60481
"275","@Ixyaaa",59754
"276","@Toniob38",59561
"277","@BladeHalll",59272
"278","@jeremyfaust",59214
"279","@KBSeauxluxe",59064
"280","@blendben",58776
"281","@thegallowboob",58535
"282","@bessbell",58334
"283","@yoyotrav",58174
"284","@joerogan",58158
"285","@adoraIbe",58080
"286","@sebgorka",58053
"287","@PiyushGoyal",58001
"288","@60minutes",57823
"289","@firstgentleman",57801
"290","@rofnl",57360
"291","@helloalegria",57319
"292","@omithewaffler",57242
"293","@bestofmarshall",57193
"294","@marcorubio",57187
"295","@justwinnie",56960
"296","@coastaleddylb",56786
"297","@WITCHTRlALS",56775
"298","@mas1z1",56497
"299","@btstwts",56468
"300","@beyabean",56393
"301","@EMRESUS",55961
"302","@AlexEdelman",55875
"303","@airaaa",55726
"304","@ifpiorg",55623
"305","@fphilippot",55604
"306","@wallstreetsilv",55524
"307","@incandescent",55283
"308","@itsma",55275
"309","@IAMJADEJACKSON",55203
"310","@nitishkumar",55183
"311","@peytnhaag",55088
"312","@coolkidneverhot",55068
"313","@flsurgeongen",54866
"314","@joeltkl",54838
"315","@UN",54780
"316","@HypNADic",54743
"317","@halldrunkface",54685
"318","@benoobrown",54599
"319","@lizwheeler",54530
"320","@bluebluwhale",54385
"321","@tevonblair",54187
"322","@RexChapman",54167
"323","@thinkpositiveal",54139
"324","@duttypaul",54056
"325","@ProjectJosiee",54055
"326","@attycarolrn",53616
"327","@TheRealHazz",53495
"328","@mintitapreview",53475
"329","@adazzlinhaze",53378
"330","@peterhotez",53256
"331","@vaccinateddk",53180
"332","@jideukie",53109
"333","@jordanklepper",53108
"334","@peterstefanovi2",52978
"335","@jordanbpeterson",52945
"336","@candyclover",52832
"337","@tedcruz",52814
"338","@ampizzzle",52398
"339","@slothanova",52397
"340","@KatlynMarie06",52259
"341","@itslinzzzz",52106
"342","@andrealmerrill",52103
"343","@Heavenlyxoxo",52056
"344","@addien90",52033
"345","@lylaconni",52026
"346","@thebklynvillain",51758
"347","@wizkidayo",51688
"348","@srinivasiyc",51651
"349","@chrislhayes",51604
"350","@TuckerCarlson",51520
"351","@hillaryclinton",51097
"352","@liamdunne",51071
"353","@dougmar",51025
"354","@atrupar",50935
"355","@GEMINI",50930
"356","@th0tcouture",50867
"357","@ashishkjha",50751
"358","@lincnotfound",50748
"359","@davidzweig",50392
"360","@offtumcial",50245
"361","@notjoss",50115
"362","@quincyhicks",50053
"363","@f0lake",49947
"364","@iamelmars",49940
"365","@nickteeev",49748
"366","@Sphiamia",49652
"367","@ray14man",49590
"368","@libsoftiktok",49489
"369","@circleofally",49370
"370","@nampunllsprite",49320
"371","@eakarattkn",49264
"372","@horamiji",49061
"373","@b20e",49014
"374","@realhomomarcus",48914
"375","@jreganwilliams",48855
"376","@bobabiss",48826
"377","@masonthisis",48718
"378","@jujuchangabc",48692
"379","@triniliciousd",48573
"380","@travon",48572
"381","@jakeesther",48432
"382","@IngrahamAngle",48296
"383","@orthofl",48119
"384","@nanaicez",48052
"385","@ovobrezzzy",48049
"386","@7eandra",47966
"387","@jbrous41",47736
"388","@tinnkky",47683
"389","@OlaTinee",47417
"390","@AsiaChloeBrown",47409
"391","@hodgetwins",47344
"392","@bladehalll",47343
"393","@venieshaaa",47141
"394","@repswalwell",47090
"395","@khairykj",46885
"396","@swaggywille",46871
"397","@60Minutes",46811
"398","@maiwarit",46799
"399","@keepoffgrass",46607
"400","@davew97",46548
"401","@kdtrey5",46527
"402","@VONN3K",46503
"403","@barmystream",46029
"404","@manonelife",45983
"405","@billiebelieves",45968
"406","@layc04",45851
"407","@phatchara3",45803
"408","@LWTPOLAROlD",45799
"409","@micahhsic",45787
"410","@herosnvrdie69",45699
"411","@renanbernardo",45588
"412","@bluskyz",45567
"413","@georgetakei",45297
"414","@gobgbby",45250
"415","@FirstTryKai",45238
"416","@mythinformedmke",45127
"417","@superm",45013
"418","@florsles",45010
"419","@benshapiro",44933
"420","@baabyyast",44784
"421","@alexberenson",44776
"422","@nuffsaidny",44574
"423","@SHNDY1312",44485
"424","@shunjou",44483
"425","@wangseaver",44447
"426","@rishisunak",44431
"427","@carrothusband",44415
"428","@melhuman",44359
"429","@cubacooperaven",44301
"430","@teaxtarot",44267
"431","@joeblack317",44181
"432","@rockintunesman",44179
"433","@giphxyz",44153
"434","@earthangeleve",44081
"435","@maukungung",44071
"436","@Carlos4PF",44046
"437","@jacksonwang852",43988
"438","@jordanzakarin",43894
"439","@victon1109",43829
"440","@lsabelladani",43779
"441","@wirojlak",43588
"442","@meidastouch",43565
"443","@ItsJustShay",43534
"444","@kimdotcom",43462
"445","@mamamapounds",43322
"446","@NickHintonn",43276
"447","@datguydemike",43194
"448","@asystolee",42960
"449","@wendyacronin",42861
"450","@morekimo",42827
"451","@nualthedog",42774
"452","@chloedontsurf",42641
"453","@mothcharm",42615
"454","@youniqsy",42454
"455","@tonyferraro7",42450
"456","@therealkeean",42426
"457","@peachyblackg0rl",42402
"458","@lavendernvelv",42388
"459","@rebekkarnold",42371
"460","@sahelhaque",42361
"461","@bigbird",42270
"462","@lauramiers",42257
"463","@EmeraldRobinson",42249
"464","@jairbolsonaro",42238
"465","@lois0112",42164
"466","@menumpahkan",42061
"467","@jessismoree",42037
"468","@warofthesuburbs",42023
"469","@maipham",42014
"470","@seattlepd",41988
"471","@briitogabiis",41938
"472","@rollingstone",41896
"473","@hausofhilton",41844
"474","@vorachatmd",41817
"475","@joelockhart",41759
"476","@Mexaa",41720
"477","@itsJeffTiedrich",41678
"478","@ROSNALJU",41676
"479","@jjamz",41534
"480","@poppyminp",41507
"481","@BELIFTLAB",41492
"482","@syedsaddiq",41487
"483","@p_mcculloughmd",41475
"484","@tabaparanagi",41445
"485","@larissegg",41437
"486","@ralphthemouth81",41396
"487","@Iyanii",41335
"488","@amyklobuchar",41333
"489","@mrkeels",41305
"490","@mersadeselisee",41212
"491","@kiiingkrystal",41141
"492","@jenniferatntd",41134
"493","@bettywinnn",41060
"494","@damsuran",40935
"495","@adrianxpression",40872
"496","@Muktab",40864
"497","@EnzDeQuay",40858
"498","@NlAMHMEALONE",40847
"499","@priteshgandhimd",40715
"500","@eliseannelee",40710
"501","@wyabritt",40691
"502","@peachcrisis",40523
"503","@thoughtgrime",40502
"504","@sarahlostctrl",40461
"505","@ongbiscuit",40421
"506","@petebuttigieg",40396
"507","@a5k1p9",40348
"508","@josstheboss",40207
"509","@callumtwalker",40206
"510","@JupiterDreamCo",40117
"511","@DarienAlexis3",40068
"512","@stayfrea",40061
"513","@GRAMMYMuseum",39955
"514","@SpookyAnarchist",39925
"515","@theagathah",39893
"516","@IamAfrodisiac",39831
"517","@skzlovs",39772
"518","@metalgearobama",39702
"519","@weareoneexo",39638
"520","@badmamiiiii",39544
"521","@stridinstrider",39511
"522","@angeverafter",39462
"523","@tejasvisurya",39416
"524","@toadmeister",39410
"525","@mrt",39405
"526","@heavenlygrandpa",39376
"527","@deadeyebrakeman",39314
"528","@mthunderbolt",39266
"529","@katiejanee",39218
"530","@vijaykchy",39184
"531","@dentbear",39137
"532","@e7npiefvsdk1w6r",39117
"533","@bernalalala",39104
"534","@megswifelife",39069
"535","@arrozconitalia",38948
"536","@gellowgene",38855
"537","@lindsaydemeola",38827
"538","@Sp00kyMeadow",38764
"539","@Narrissaa",38752
"540","@dominoedoe",38737
"541","@gnev2",38677
"542","@enhypenmembers",38609
"543","@kyliesparks",38368
"544","@iamsashakae",38253
"545","@rapmca",38253
"546","@BrettMau5",38246
"547","@patfanelli",38168
"548","@EduMinOfIndia",38154
"549","@berryela",38130
"550","@rhysblakely",38113
"551","@ENHYPENmembers",37962
"552","@electionwiz",37957
"553","@b",37919
"554","@sleepisocialist",37915
"555","@heyjessgray",37866
"556","@donmoyn",37804
"557","@meloniturralde",37704
"558","@ssactrub",37684
"559","@kirstiealley",37682
"560","@W",37674
"561","@janigee",37603
"562","@Mippcivzla",37563
"563","@yogrishiramdev",37510
"564","@yingmed",37493
"565","@follforfight",37438
"566","@pectumz",37431
"567","@ynsnbbb",37365
"568","@auronplay",37282
"569","@fbgwayne",37215
"570","@202natt",37152
"571","@sumit4chakai",37148
"572","@thesarahkelly",37125
"573","@mvictoria422",37087
"574","@sharptpk",37009
"575","@straykids",36972
"576","@GutsGlamGlory",36964
"577","@scriptsbyjames",36956
"578","@misterchoux",36877
"579","@JhendersonJames",36851
"580","@jackpilled",36823
"581","@SolomonPuryear",36749
"582","@actorsiddharth",36719
"583","@proustmalone",36703
"584","@ccdoublezee",36689
"585","@upgovt",36598
"586","@lilbarbx2",36575
"587","@maddieevelasco",36560
"588","@tonyhawk",36551
"589","@JasmynBeKnowing",36518
"590","@bossemotions",36495
"591","@wumbooty",36464
"592","@mohammadhussain",36423
"593","@mpsomerstein",36401
"594","@SenorGuapo",36372
"595","@UnkleK",36355
"596","@incredibleculk",36332
"597","@prettyboynavi",36258
"598","@kayleighmcenany",36155
"599","@SirMowwz",36122
"600","@taratesoro",36039
"601","@derasachasauda",36016
"602","@smirhnn",35999
"603","@iitkgp",35973
"604","@trixieaaang",35971
"605","@TristanTaylor88",35841
"606","@bbrightvc",35816
"607","@TheresaChapple",35767
"608","@lisalibrarian",35755
"609","@lilmsawkward",35739
"610","@chismosa",35685
"611","@sirotek",35618
"612","@btsinthemoment",35592
"613","@BeeGilly",35543
"614","@akilindo",35511
"615","@jenyjny",35506
"616","@1sassywife",35497
"617","@vanxessan",35493
"618","@danteswift",35407
"619","@jenhajcak",35397
"620","@lalups",35368
"621","@NapsPartTime",35285
"622","@MateoMontana",35261
"623","@DALIZZZL",35257
"624","@LoveAndShalom",35210
"625","@plixx",35094
"626","@maryltrump",35080
"627","@careeselaroque",35035
"628","@tommobaess",34991
"629","@mrgingerbed",34981
"630","@ximenaxmartinez",34901
"631","@ashxni",34869
"632","@marklevinshow",34868
"633","@GrahamBrookie",34866
"634","@nicolesays",34853
"635","@cosmicblackgirl",34802
"636","@keifyb",34699
"637","@summerbrennan",34404
"638","@betoorourke",34328
"639","@mohanadelshieky",34218
"640","@piersmorgan",34206
"641","@rileybehrens",34146
"642","@p1tchf0rkred",34133
"643","@alluarjun",34121
"644","@RepAdamSchiff",34115
"645","@gottheump1",34108
"646","@EyePatchGuy",34070
"647","@imigrvnt",34027
"648","@svenantifacat",34027
"649","@hydratedangel",34000
"650","@politicsforali",33918
"651","@asaplocky",33910
"652","@jaesofamous",33898
"653","@fahyadak",33883
"654","@robertkennedyjr",33810
"655","@madarasdaughter",33720
"656","@pmcculloughmd",33711
"657","@NathanLerner",33675
"658","@itspaolayoo",33618
"659","@OGLisaTurtle",33599
"660","@yellowtofellow",33512
"661","@itgirljaylaan",33491
"662","@PawanKalyan",33449
"663","@doriecp",33407
"664","@bbytbh",33388
"665","@yongaka",33380
"666","@irisxie",33363
"667","@mookolives",33326
"668","@lifeofthornpi",33312
"669","@nbsaphiermd",33254
"670","@nocontextbrits",33164
"671","@emeraldrobinson",33153
"672","@redlightning420",33127
"673","@EscaflowneClown",33097
"674","@JeffKasanoff",33083
"675","@platini954",33079
"676","@samanthamarika1",33062
"677","@aslavitt",33010
"678","@katierpacker",33005
"679","@praxeas",32949
"680","@wspieler",32934
"681","@lickks",32841
"682","@slimjosa",32749
"683","@hawkescr7",32723
"684","@br0wnsga",32607
"685","@annikataraa",32602
"686","@LilNasX",32592
"687","@dejachanels",32534
"688","@michaellbonsujr",32512
"689","@nionozzi",32493
"690","@fordnation",32358
"691","@meelztv",32283
"692","@pawankalyan",32216
"693","@YoungDems4Trump",32167
"694","@czarvar",32101
"695","@elykreimendahl",32091
"696","@lledrook",32028
"697","@gabsonclarkst",32015
"698","@DjWalt",31998
"699","@margostockdale",31957
"700","@jeffreyatucker",31901
"701","@Kingfreespeech",31886
"702","@tippotamus",31819
"703","@treasuremembers",31758
"704","@kelseyobgyn",31749
"705","@mbennett9",31665
"706","@gbnews",31655
"707","@SimuLiu",31633
"708","@pledis17",31465
"709","@lmantovani",31460
"710","@AliciaForina",31406
"711","@biharstudents",31365
"712","@miltsdad",31309
"713","@skinjournalbyp",31269
"714","@filmthepolicela",31244
"715","@QueenKBonita",31227
"716","@CapriCornyCait",31217
"717","@krixsna",31211
"718","@nksbakery",31198
"719","@Bamarooski",31182
"720","@slashdot",31177
"721","@mattxiv",31089
"722","@sayabhullar",31080
"723","@noonluvlis",30973
"724","@poregan",30957
"725","@locationunkn0wn",30951
"726","@MarcusRashford",30940
"727","@yein654",30932
"728","@elitelifekd",30928
"729","@landryguillen",30889
"730","@daniatomicus",30848
"731","@KyungLahCNN",30842
"732","@santiagomayer",30829
"733","@KarenFlemingPhD",30822
"734","@seanmflannery",30795
"735","@jessicaflres",30736
"736","@pngpngworld",30716
"737","@Noworriezzzz",30673
"738","@cigsaftercat",30554
"739","@icrc",30548
"740","@bugsyband",30544
"741","@RBReich",30520
"742","@wtfjummy",30493
"743","@babyb0nes",30491
"744","@gliterwrld",30477
"745","@julianem33",30451
"746","@shannonrwatts",30361
"747","@netflix",30354
"748","@bighitmusic",30333
"749","@lilnasx",30329
"750","@RobertGarciaLB",30296
"751","@afshineemrani",30254
"752","@unnewscentre",30234
"753","@emineerdogan",30231
"754","@97Vercetti",30147
"755","@snyyrid",30135
"756","@Cwells999",30110
"757","@GOPLeader",30095
"758","@rabaai",30086
"759","@libbydavis21",30065
"760","@emtpyvase",30049
"761","@ryanjreilly",30035
"762","@vprasadmdmph",30001
"763","@Lousimonn",29981
"764","@LocdWithNessa",29970
"765","@ajhisnandez",29923
"766","@pippacrerar",29918
"767","@kaiseyo",29916
"768","@butantanoficial",29878
"769","@jordanschachtel",29795
"770","@guypanupong",29774
"771","@suav3",29728
"772","@baeonda",29694
"773","@StrayKids",29674
"774","@j11nsoul",29656
"775","@mtgreenee",29650
"776","@murrymits",29629
"777","@beautydiarynews",29627
"778","@amylstockwell",29606
"779","@nadinedorries",29506
"780","@SethAbramson",29482
"781","@MissLeandra",29442
"782","@badiucao",29434
"783","@miraineko39",29390
"784","@jasminericegirl",29376
"785","@amandajalishaxo",29371
"786","@ArokaWrite",29343
"787","@whitneyhu",29341
"788","@davidschneider",29312
"789","@oneuvakind",29304
"790","@canadiankaymd",29256
"791","@Iamujer",29227
"792","@praisegodbarbon",29205
"793","@OriginalDWoods",29170
"794","@GRIERBOLUDO",29169
"795","@youdoingtoomuch",29106
"796","@jnguyen",29094
"797","@ihucash",29072
"798","@4realronnie",29033
"799","@mumblesj",28975
"800","@Edomex",28933
"801","@tionnalashae",28898
"802","@Nikhil09121",28874
"803","@jjkmaryy",28870
"804","@ffewtk",28840
"805","@saintfadumo",28822
"806","@statueofGIBerty",28813
"807","@scorpiofourth",28751
"808","@vittorlnx",28704
"809","@gavinnewsom",28663
"810","@wanderwaii",28644
"811","@jdaque2",28596
"812","@risahoshinomd",28585
"813","@realrhathayaya",28535
"814","@cl0uds9",28529
"815","@Nayellimarte",28518
"816","@eyestealmemes",28463
"817","@anildash",28434
"818","@InigoAbellar",28403
"819","@skhaterboi",28316
"820","@afcd0n",28273
"821","@martymakary",28224
"822","@smtownglobal",28210
"823","@DilanTheVillain",28184
"824","@krysose",28181
"825","@falzthebahdguy",28153
"826","@chrisilluminati",28133
"827","@LazyGinger",28132
"828","@omojuwa",28131
"829","@jessicawon57",28101
"830","@SteveMartinToGo",28095
"831","@trisquire",28084
"832","@raphaelviicente",28069
"833","@dhyphenmac",28046
"834","@altoidsrevenge",28023
"835","@stevenspohn",28021
"836","@dariusthedonn",27995
"837","@gwallamagic",27927
"838","@wildflowers68",27909
"839","@thekaranmenon",27908
"840","@geauxgabrielle",27891
"841","@blvckcurrency",27817
"842","@cloverlm",27817
"843","@taylorinchief",27814
"844","@repmtg",27789
"845","@pongnawat",27739
"846","@serenaxm",27710
"847","@Philzadamz",27701
"848","@baejennism",27610
"849","@belldelagua",27579
"850","@blackpink",27571
"851","@nisipisa",27556
"852","@zenjournalist",27502
"853","@poshgracie",27489
"854","@blobyblo",27457
"855","@liya8th",27453
"856","@acechhh",27370
"857","@melindaperle",27354
"858","@iamajak",27352
"859","@biggeasy123",27286
"860","@autismdrmom",27257
"861","@istyleireland",27254
"862","@bfriedmandc",27197
"863","@BNODesk",27144
"864","@JustSumGuy176",27137
"865","@SkyNews",27113
"866","@AfterOrc",27107
"867","@yarotrof",27088
"868","@peterbakernyt",27023
"869","@icecoldnovember",27022
"870","@caithuls",27007
"871","@AprilDRyan",26996
"872","@stupefymalfoy",26967
"873","@senkamalaharris",26953
"874","@karllauterbach",26873
"875","@laurenboebert",26830
"876","@alicewilder",26829
"877","@Mellazimen",26824
"878","@ItsRitz",26812
"879","@cartier2gs",26807
"880","@kneeyockartee",26798
"881","@rudybetrayed",26729
"882","@domycw",26719
"883","@leahgreenb",26657
"884","@pnvich",26656
"885","@senronjohnson",26639
"886","@baddestmamajama",26633
"887","@pasteldotz",26626
"888","@zalifahms",26551
"889","@emchirinoo",26497
"890","@JRehling",26488
"891","@himantabiswa",26487
"892","@giyourdad",26411
"893","@iamchocom",26409
"894","@jakelobin",26409
"895","@jobreauxx",26378
"896","@escribinista",26323
"897","@ann4castro",26275
"898","@torinickswho",26275
"899","@ceraliza",26271
"900","@lookitstaylorrr",26234
"901","@leezeldin",26215
"902","@galeforcerob",26148
"903","@edyong209",26141
"904","@JEONSGOODE",26136
"905","@aziedee",26135
"906","@teeniibiomic",26115
"907","@drbriansteixner",26107
"908","@wherewomenbloom",26072
"909","@GlblCtzn",26064
"910","@davidmcswane",26007
"911","@allisonpearson",26004
"912","@mungship",25987
"913","@jameshamblin",25935
"914","@fayebitchin",25926
"915","@imageswift13",25921
"916","@yinyangashh",25872
"917","@blooddonorsin",25868
"918","@hallebailey",25856
"919","@msjunediane",25796
"920","@hackblackburn",25783
"921","@ivybaby",25720
"922","@nnnancccy",25703
"923","@baladee8",25690
"924","@mlizza",25687
"925","@RespectableLaw",25684
"926","@joycewhitevance",25665
"927","@movingsideways",25605
"928","@tweetatok",25604
"929","@allonso99",25603
"930","@allisonlcarter",25575
"931","@thedemonicalien",25572
"932","@vitariesocks",25543
"933","@belegbow",25420
"934","@supramantrax",25408
"935","@parismills",25403
"936","@yerrrone",25344
"937","@insomporamin",25239
"938","@DWUhlfelderLaw",25236
"939","@starbuckonly",25232
"940","@katpapajohns",25211
"941","@shaunharvir",25194
"942","@catcontentonly",25168
"943","@MichaelCoudrey",25110
"944","@highmynameisrae",25103
"945","@aaronhoyland",25102
"946","@ongaddict",25068
"947","@DanielLewis3",25060
"948","@robinwannabefly",25057
"949","@terryjtucker",25031
"950","@vhopehug",24992
"951","@miyaohyeah",24972
"952","@dadetrading",24964
"953","@gabehudson",24937
"954","@cretinaofc",24914
"955","@refreshmintia",24905
"956","@nkhaosod",24898
"957","@WhiteHouse",24885
"958","@sonusood",24883
"959","@calgif",24875
"960","@ChicagoTraderrr",24859
"961","@impatientourist",24856
"962","@jandirafeghali",24770
"963","@idriselba",24752
"964","@cariegend",24734
"965","@theofleury14",24726
"966","@iamjasonbailey",24714
"967","@trustdelta",24686
"968","@andrewyang",24572
"969","@puffiya",24554
"970","@maggienyt",24542
"971","@theblondern",24542
"972","@samdylanfinch",24521
"973","@Goodable",24508
"974","@vitoriamad",24436
"975","@pokrath",24420
"976","@beenherde",24411
"977","@fearlesspac",24354
"978","@govlarryhogan",24346
"979","@1siyyy",24343
"980","@sayangbolekok",24341
"981","@trademarkjuice",24324
"982","@datingdecisions",24313
"983","@vonanneli",24299
"984","@grasonjant",24248
"985","@trueromances",24230
"986","@paulogustavo31",24159
"987","@breliloquy",24139
"988","@ronfilipkowski",24077
"989","@geoliveiraa2",24069
"990","@nobodybutme32",24045
"991","@realphoebe",24035
"992","@waooqeshij",24028
"993","@alanlopesrio",24018
"994","@customizemekey",23948
"995","@sitisab",23927
"996","@btsqtsarchive",23880
"997","@nonggoblinbride",23865
"998","@heylizardleigh",23833
"999","@senrandpaul",23805
"1000","@sensherrodbrown",23799
"1001","@kaofang",23790
"1002","@RealMattHousley",23768
"1003","@froglover777",23755
"1004","@vinguptamd",23730
"1005","@sblitagent",23724
"1006","@doctarm",23722
"1007","@Mediavenir",23709
"1008","@nanopierogi",23674
"1009","@cuscuzete",23664
"1010","@tburages",23653
"1011","@nikkifried",23645
"1012","@diorslxt",23630
"1013","@patheneuro",23587
"1014","@jujuliagrace",23570
"1015","@sleeplessbkk",23567
"1016","@myogiadityanath",23507
"1017","@itsnella",23503
"1018","@austincantdrive",23476
"1019","@AnimeVibxs",23468
"1020","@lakeeater",23424
"1021","@goodposting",23413
"1022","@typicalfeminist",23403
"1023","@twitter",23381
"1024","@jones",23356
"1025","@ifyworks",23348
"1026","@bteuplucknow",23309
"1027","@liampayne",23285
"1028","@bobbyteriyaki",23259
"1029","@jonfavs",23249
"1030","@ktchkrnt",23236
"1031","@abiidm786",23233
"1032","@localceleb",23222
"1033","@yelsew",23210
"1034","@saeeddicaprio",23203
"1035","@puspaswarna",23202
"1036","@beyerstein",23167
"1037","@thesundaytimes",23158
"1038","@juinesoleil",23154
"1039","@notdearjohn",23119
"1040","@coldecoffee",23089
"1041","@jimmyfucker",23082
"1042","@bittergertrude",23077
"1043","@livingin505",23052
"1044","@coronarifadamx",23010
"1045","@shazrielyusoff",22969
"1046","@BillGates",22960
"1047","@ChennaiIPL",22960
"1048","@bethsawin",22914
"1049","@GOPChairwoman",22914
"1050","@zepotts",22893
"1051","@coronafutbol",22854
"1052","@JustinB84741875",22853
"1053","@enchantiingtae",22848
"1054","@justiceaudre",22828
"1055","@linbea945",22824
"1056","@peoplescourt79",22788
"1057","@rhebright",22750
"1058","@leelecarvalho",22734
"1059","@jayskuttt",22728
"1060","@artisticatty",22723
"1061","@theanuragtyagi",22669
"1062","@rapporteurun",22620
"1063","@nadiasani",22601
"1064","@risutoinu",22594
"1065","@imbreadanae",22589
"1066","@btsarmy2018x",22537
"1067","@yokekung",22531
"1068","@piaaramirez",22527
"1069","@juniorbachchan",22495
"1070","@ezewriter",22481
"1071","@tiffanycli",22472
"1072","@uptightlesbian",22468
"1073","@goawaywithjae",22446
"1074","@veasarachfwp",22414
"1075","@bombaclartt",22402
"1076","@23jpeg",22385
"1077","@tallsomelee",22381
"1078","@mhaneemp",22346
"1079","@ihyjuju",22338
"1080","@bussey23",22333
"1081","@libraryyw",22317
"1082","@cindasmommy",22314
"1083","@franmartelo",22268
"1084","@advocatealakh",22241
"1085","@cristianterhes",22227
"1086","@AK3YN",22195
"1087","@snowfoxnvb",22182
"1088","@govmurphy",22180
"1089","@tomaskenn",22099
"1090","@themightymux",22075
"1091","@nicolerusso",22039
"1092","@jdoccasionally",22024
"1093","@BalkanBlood",22020
"1094","@ric3townfinest",21985
"1095","@mhorritz",21945
"1096","@motulo",21883
"1097","@deebreezy415",21865
"1098","@RonallChersan",21863
"1099","@whatkaysays",21850
"1100","@peckpalit",21841
"1101","@santiagorichar",21826
"1102","@comunistabaiano",21776
"1103","@variety",21746
"1104","@taufiqhanafi91",21696
"1105","@gluboco",21691
"1106","@teddyredder",21665
"1107","@ebsirivimon",21585
"1108","@nerdybyptw",21584
"1109","@1himothy",21575
"1110","@danielkotzin",21557
"1111","@LizCheney",21547
"1112","@danibloop",21540
"1113","@nathanheller",21528
"1114","@WHOWPRO",21526
"1115","@aminsyafee",21513
"1116","@valkats",21475
"1117","@digidharma",21463
"1118","@robreiner",21430
"1119","@jreinermd",21428
"1120","@hrisshg",21393
"1121","@johnschreiber",21373
"1122","@jervab14",21368
"1123","@cleavonmd",21340
"1124","@yourenotapanda",21340
"1125","@hollandcourtney",21268
"1126","@offclastro",21252
"1127","@navyoo",21243
"1128","@domdotty",21217
"1129","@siriyonce",21208
"1130","@saijaii",21186
"1131","@aaronwoopig78",21130
"1132","@maskclaims",21115
"1133","@pwrth22",21100
"1134","@plobjai",21086
"1135","@DrJCoftheDC",21050
"1136","@mikepompeo",20992
"1137","@robtgibbs",20983
"1138","@MissGinaDarling",20972
"1139","@chainplus",20953
"1140","@lolovonz",20948
"1141","@govridge",20923
"1142","@strandjunker",20888
"1143","@popminpinkypie",20876
"1144","@VP",20867
"1145","@robertogarrdner",20842
"1146","@nanfudge",20830
"1147","@ygentofficial",20795
"1148","@isicalynn",20783
"1149","@letstalklegal",20781
"1150","@marshallene",20763
"1151","@jakeshieldsajj",20729
"1152","@universalsoftw2",20721
"1153","@phntmgeek",20676
"1154","@ipapachalala",20661
"1155","@DavidDTSS",20645
"1156","@CheaTaylor",20617
"1157","@jennontherocks",20617
"1158","@MGRADS",20603
"1159","@getpaidwrite",20571
"1160","@igbuducj",20563
"1161","@deadlioness",20547
"1162","@ohkayx33",20531
"1163","@rexfeels",20520
"1164","@paulbranditv",20517
"1165","@nowthisnews",20516
"1166","@joehonda7",20509
"1167","@misszindzi",20504
"1168","@chrischirp",20452
"1169","@sportsjimshow",20448
"1170","@bnofeed",20443
"1171","@sasyity",20442
"1172","@lindsaytuchman",20410
"1173","@coldplay",20373
"1174","@quintabrunson",20370
"1175","@thisisnongshiba",20340
"1176","@ohhitsleek",20338
"1177","@rupertpearse",20257
"1178","@matthewshaer",20238
"1179","@beoncloudth",20199
"1180","@sultanoftired",20179
"1181","@abibofficial",20140
"1182","@senschumer",20118
"1183","@afrkml",20114
"1184","@champaaaaaa",20110
"1185","@myhandsratede",20084
"1186","@gautiverse",20069
"1187","@prematurenecro",20065
"1188","@yangita",20019
"1189","@derfbackderf",20003
"1190","@msshanitarenee",19963
"1191","@quintel",19956
"1192","@boobsradley",19926
"1193","@erinalberty",19917
"1194","@siahbarbie",19915
"1195","@ajbuu",19896
"1196","@y2shaf",19892
"1197","@plodaek",19890
"1198","@oxamafc",19817
"1199","@l2wzai",19805
"1200","@manueb98",19780
"1201","@pinksiripipat",19708
"1202","@trygy7",19615
"1203","@sdenta",19605
"1204","@theblaze",19600
"1205","@westonpagano",19597
"1206","@millefobi",19592
"1207","@miiniyoongs",19576
"1208","@angelarayner",19569
"1209","@wolfblitzer",19558
"1210","@auustr",19555
"1211","@posequeira",19549
"1212","@meganranney",19547
"1213","@brooketansley",19512
"1214","@landonhowell",19473
"1215","@wisemanlhs",19455
"1216","@rsgat",19422
"1217","@th3mb0fication",19419
"1218","@lilmaddest",19397
"1219","@trisukol",19395
"1220","@packsurvival",19384
"1221","@sosocialism",19371
"1222","@panthepack",19320
"1223","@analauramendes",19315
"1224","@fv2had",19307
"1225","@laventana",19290
"1226","@maraculousness",19275
"1227","@thethurgood",19236
"1228","@projectpxn",19226
"1229","@benvyle",19214
"1230","@jonnysun",19213
"1231","@maajidnawaz",19176
"1232","@simplydivine22",19172
"1233","@nanaths",19118
"1234","@milquebread",19103
"1235","@fertilefaith",19102
"1236","@stephenmangan",19099
"1237","@compactm1ni",19093
"1238","@ggrbty",19060
"1239","@pruris",19042
"1240","@xanabon",18975
"1241","@jaybumaom",18969
"1242","@nnnatene",18939
"1243","@itsnickfam",18925
"1244","@bussarinpptv",18910
"1245","@cdcdirector",18896
"1246","@GirlNamedMarley",18842
"1247","@ericareport",18833
"1248","@rosmundosoph",18798
"1249","@sebbyvi",18795
"1250","@itstarekali",18751
"1251","@thetonymorrison",18750
"1252","@tundeolaniran",18750
"1253","@realDonaldTrumps",18721
"1254","@sldussan",18701
"1255","@ivettepataki",18668
"1256","@lisiniove",18665
"1257","@treezysosa",18646
"1258","@lilcec1",18624
"1259","@kemz1",18573
"1260","@maetubtimgrob",18573
"1261","@aeshlynn",18563
"1262","@malpraxis",18562
"1263","@itvnews",18524
"1264","@sparksjls",18517
"1265","@hero2020street",18504
"1266","@convictedloner",18487
"1267","@kandel",18479
"1268","@kassieepstein",18471
"1269","@fitrianizarAH",18468
"1270","@lillihopkins",18463
"1271","@redactedjohn",18444
"1272","@amubeenpath",18425
"1273","@crockettforreal",18425
"1274","@modnoii",18412
"1275","@brianlenzkes",18398
"1276","@ffahxnmb",18398
"1277","@osmosis8989",18390
"1278","@ddale8",18387
"1279","@madmax68176958",18356
"1280","@mrconsiderate",18333
"1281","@sherryppt",18330
"1282","@yakkinrotee",18298
"1283","@lizzard1278",18297
"1284","@jamevakanda",18271
"1285","@anafcastela",18266
"1286","@michaelwarbur17",18198
"1287","@GoughCJ",18195
"1288","@teeronnn",18194
"1289","@elllaaaa",18188
"1290","@devvvtheband",18179
"1291","@lauratomaslopez",18132
"1292","@jadegemrobin",18116
"1293","@thedigitalbers1",18100
"1294","@ippokratisange1",18081
"1295","@clarajeffery",18059
"1296","@iarnevilo",18026
"1297","@ijbrunissima",17994
"1298","@bt21",17938
"1299","@joeywreck",17915
"1300","@olarvia",17899
"1301","@petitpor",17887
"1302","@tyrieirving",17875
"1303","@emergencyquad",17874
"1304","@ahrielnari",17862
"1305","@arianagrande",17854
"1306","@meganaronson",17835
"1307","@Ndrews1162011",17816
"1308","@OliverBecquart",17815
"1309","@rashad25",17805
"1310","@alertanews24",17721
"1311","@drneenajha",17715
"1312","@volunteermedth",17708
"1313","@ajvictorymd",17686
"1314","@killahbeenbee",17628
"1315","@jwigz",17593
"1316","@soompi",17589
"1317","@byarena",17571
"1318","@khewyd",17553
"1319","@chknuggetz",17519
"1320","@ADBoyntonII",17506
"1321","@cc94ccc",17486
"1322","@drpacomoreno1",17484
"1323","@unyankobtrd",17475
"1324","@qasimrashid",17471
"1325","@ramseyboltin",17450
"1326","@eduminofindia",17440
"1327","@barbiesope",17436
"1328","@thelisawalters",17429
"1329","@lenirobredo",17355
"1330","@drclairetaylor",17350
"1331","@ianbassin",17345
"1332","@SJPeace",17344
"1333","@jenniemandu1",17334
"1334","@fuckyoursoul",17328
"1335","@zzzssgzzz",17282
"1336","@HaddadFernando",17278
"1337","@verellie",17242
"1338","@koocalvins",17215
"1339","@ReicherStephen",17195
"1340","@joannamont",17181
"1341","@italianperthai",17152
"1342","@mohaminmed",17137
"1343","@meesterleesir",17126
"1344","@realericcarmen",17117
"1345","@woonzen39",17117
"1346","@thaipbs",17091
"1347","@sabrinaamorenoo",17090
"1348","@ullissima",17074
"1349","@isabellamdeluca",17065
"1350","@mariamainmo",17060
"1351","@tzbmix",17059
"1352","@yamagentapint",17059
"1353","@juptrcalls",17058
"1354","@btsislifeduh",17051
"1355","@mrmessenger",17049
"1356","@jennafortruth",17029
"1357","@nopename",17025
"1358","@BrianSimsPA",16991
"1359","@toure",16988
"1360","@petrogustavo",16984
"1361","@JulianEpp",16973
"1362","@CDCgov",16970
"1363","@199s",16964
"1364","@udawat",16964
"1365","@nutyoyo",16937
"1366","@biaballarotte",16882
"1367","@hugh_mankind",16878
"1368","@familyguyonfox",16873
"1369","@huntichon",16868
"1370","@drtomfrieden",16859
"1371","@kylenabecker",16842
"1372","@mislavkolakusic",16805
"1373","@tompelissero",16802
"1374","@luchaalmada",16783
"1375","@guinapolitano",16779
"1376","@prialcantara",16775
"1377","@poketget",16774
"1378","@hshaban",16759
"1379","@drleanawen",16755
"1380","@genesissenshi",16755
"1381","@imanibarbarin",16753
"1382","@neosborn",16712
"1383","@spotify",16688
"1384","@lilystgermain",16627
"1385","@epikhigz",16620
"1386","@brionna",16615
"1387","@eduardacarrascd",16613
"1388","@SpeakerPelosi",16612
"1389","@123itsmemary",16552
"1390","@cutimakan",16531
"1391","@marianospinass1",16526
"1392","@jaketapper",16509
"1393","@bambiessa",16490
"1394","@jamiewithorne",16482
"1395","@jkenney",16457
"1396","@drmeenalviz",16439
"1397","@jojofromjerz",16423
"1398","@nontawornn",16412
"1399","@mononcecouerant",16405
"1400","@wheresmiriam",16397
"1401","@cookyris",16388
"1402","@skullsprime",16386
"1403","@literelly",16344
"1404","@jamiemenno",16337
"1405","@ryanair",16336
"1406","@thaidansker",16308
"1407","@ptiofficial",16290
"1408","@profmakehappy",16286
"1409","@ibaillanos",16282
"1410","@asyrafrusni94",16278
"1411","@MrGee54",16252
"1412","@KyarraIman",16228
"1413","@csimmsqb",16226
"1414","@isabellafv",16219
"1415","@felipeneto",16205
"1416","@janehughesmd",16202
"1417","@backtolife2019",16126
"1418","@barvbarbis",16120
"1419","@mikedon",16100
"1420","@chrismilburnnps",16085
"1421","@hinztamara",16079
"1422","@steveschmidtses",16079
"1423","@no1realman",16058
"1424","@theauguststar",16047
"1425","@capybaraman",16017
"1426","@nepswirldabeard",16014
"1427","@MoSpruill",16013
"1428","@marinapurkiss",16006
"1429","@mrsjmdk",15967
"1430","@andrebrandt",15966
"1431","@georgewachsmuth",15961
"1432","@GregAbbottTX",15930
"1433","@femiyahtzee",15924
"1434","@mariaaveiga",15915
"1435","@gidt18",15871
"1436","@duty2warn",15859
"1437","@meetjess",15831
"1438","@camieecamm",15809
"1439","@showmetheyamz",15805
"1440","@UNICEF",15794
"1441","@talkmaster",15786
"1442","@exheadbhandphs",15766
"1443","@kahonoii",15764
"1444","@tryangregory",15748
"1445","@pedodelaracroft",15741
"1446","@FaheemYounus",15715
"1447","@ioryhamon",15707
"1448","@heccctor11",15669
"1449","@marclobliner",15665
"1450","@btschartdailyx",15663
"1451","@sirlucasmatheus",15626
"1452","@olgachyzh",15608
"1453","@moisturizednerd",15557
"1454","@watineecu",15550
"1455","@discobitch",15526
"1456","@knoppryan",15495
"1457","@marshablackburn",15488
"1458","@omega3plus11",15486
"1459","@thecathooman",15480
"1460","@ilovejaneadams",15450
"1461","@jasonhickel",15430
"1462","@CasualPS",15424
"1463","@mmithplease",15375
"1464","@neiladel",15370
"1465","@gregprice11",15347
"1466","@NicolaSturgeon",15335
"1467","@juliekaplow",15328
"1468","@jaowrites",15304
"1469","@imvkohli",15233
"1470","@omgrisham",15223
"1471","@louietraub",15209
"1472","@ahandvanish",15184
"1473","@evandonovan",15181
"1474","@nyokiclub",15165
"1475","@zrellor",15165
"1476","@redzuannewsmpb",15147
"1477","@hakangeijer",15116
"1478","@avetrader",15094
"1479","@tribelaw",15076
"1480","@suriyaoffl",15074
"1481","@rekhaberry",15028
"1482","@therealerevans",15028
"1483","@gastonpaezz",15020
"1484","@waniardy",15017
"1485","@mintynkks",14996
"1486","@chrissydee",14990
"1487","@danielgoyal",14967
"1488","@calltoactivism",14944
"1489","@staytrillhill",14941
"1490","@mrsantruay",14935
"1491","@janicedean",14933
"1492","@milephakphum",14928
"1493","@franhagemann",14922
"1494","@opsicologobruno",14835
"1495","@yungchipotle",14833
"1496","@bocxtop",14826
"1497","@reyydrew",14824
"1498","@facuortyz",14802
"1499","@DrDenaGrayson",14798
"1500","@arvindkejriwal",14793
"1501","@ejln",14792
"1502","@billmaher",14776
"1503","@doomh0und",14776
"1504","@amandalhu",14774
"1505","@princessmlokhia",14761
"1506","@lorijen33441",14748
"1507","@dajenus",14743
"1508","@ladysonap",14684
"1509","@theatlantic",14667
"1510","@chrisrock",14663
"1511","@nazrih",14663
"1512","@katherinenola",14617
"1513","@gregorypamart",14606
"1514","@rogermarshallmd",14602
"1515","@ingridkatzmd",14593
"1516","@cernovich",14571
"1517","@reuters",14566
"1518","@drbrunogino",14537
"1519","@fearnleyk",14537
"1520","@mikito777",14529
"1521","@crberginmd",14504
"1522","@nicdanut",14475
"1523","@garysheffieldjr",14442
"1524","@dykejones69",14431
"1525","@sendcats",14424
"1526","@Brado84",14412
"1527","@Dystopia992",14402
"1528","@alinao17",14384
"1529","@mahoganymama",14358
"1530","@RyanAFournier",14343
"1531","@mediumsizemeech",14334
"1532","@yaelbecker",14256
"1533","@nodirectaction",14251
"1534","@katetalkstruth",14215
"1535","@drloupis",14213
"1536","@kemz876",14204
"1537","@4lisaguerrero",14184
"1538","@liz_wheeler",14177
"1539","@drsamgirgis",14168
"1540","@gelozza",14158
"1541","@patrickmadrid",14155
"1542","@julifaita",14131
"1543","@tpagon",14123
"1544","@yungskuntebony",14122
"1545","@datukhensem",14099
"1546","@thespicequeen",14089
"1547","@jeromeadamsmd",14073
"1548","@TonsTweetings",14065
"1549","@xavierofficials",14061
"1550","@nygovcuomo",14050
"1551","@wokaldistance",14036
"1552","@PugMafia2",14010
"1553","@jayrayner1",13984
"1554","@minjinlee11",13966
"1555","@tapuyatarairiu",13964
"1556","@WesleyLowery",13933
"1557","@texasgop",13921
"1558","@sisiripan",13906
"1559","@thomasvconti",13889
"1560","@poeticj59274248",13886
"1561","@juliairzyk",13857
"1562","@AmberHobbs7",13853
"1563","@hermyrahim",13849
"1564","@aajtak",13838
"1565","@nellythamenace",13827
"1566","@anthrobalkans",13801
"1567","@wixxiws",13779
"1568","@gmariah",13760
"1569","@ashleysweitz",13736
"1570","@stevehanke",13731
"1571","@juliaksksks",13657
"1572","@emrhaqim",13615
"1573","@cconrymurray",13565
"1574","@kaitlancollins",13532
"1575","@nedajahanbani",13448
"1576","@MMarieSophie",13443
"1577","@truelaurels",13414
"1578","@ddzinha99",13408
"1579","@hrmoroz",13400
"1580","@elisevmike",13365
"1581","@qcupid",13363
"1582","@jayobtv",13357
"1583","@amoneyresists",13318
"1584","@RepMattGaetz",13311
"1585","@benjvmins",13299
"1586","@southwestair",13280
"1587","@renatab",13279
"1588","@thelastjaedi",13276
"1589","@gussooficial",13265
"1590","@skmorefield",13250
"1591","@spin9",13245
"1592","@501Awani",13221
"1593","@drsanjaygupta",13220
"1594","@FirstGentleman",13213
"1595","@airjordan94",13182
"1596","@curtiscook",13176
"1597","@jim_jordan",13176
"1598","@drmeowza",13158
"1599","@genmnz",13140
"1600","@ironbutterfly10",13129
"1601","@lambvandoran",13126
"1602","@aqfiazfan",13113
"1603","@maxiiszvanz",13105
"1604","@ftkzimula",13101
"1605","@romeyrome7",13099
"1606","@pierrepoilievre",13097
"1607","@tulsigabbard",13090
"1608","@jthebizdev",13089
"1609","@datadrivenmd",13078
"1610","@megynkelly",13074
"1611","@bethbourdon",13069
"1612","@stynalane",13060
"1613","@rajnathsingh",13040
"1614","@disxpix",13032
"1615","@repmariasalazar",12994
"1616","@fatouoficial",12943
"1617","@draensaari",12901
"1618","@sirsicat",12901
"1619","@codekungz",12869
"1620","@t3rr3z",12850
"1621","@jedmarcueto",12827
"1622","@deborahmeaden",12817
"1623","@mohdkhairul",12812
"1624","@galvinalmanza",12776
"1625","@phu4ng",12751
"1626","@dream",12747
"1627","@lmnhzd",12710
"1628","@simuliu",12709
"1629","@RepMaxineWaters",12684
"1630","@patmcafeeshow",12670
"1631","@billboardcharts",12635
"1632","@lanadelrey",12629
"1633","@sandwichghoul",12626
"1634","@officia",12605
"1635","@johnbrownsbody2",12567
"1636","@pierrekory",12562
"1637","@cotterilldavid",12556
"1638","@thegentledyke",12554
"1639","@bidenfinnegan",12539
"1640","@laurasmagro",12533
"1641","@cheldiokno",12517
"1642","@deboyegeorge",12481
"1643","@davidlparsons",12470
"1644","@jenniesrenes",12468
"1645","@laprofepaos",12457
"1646","@iagovernor",12416
"1647","@SherriSantosMSN",12361
"1648","@JoshuaPotash",12348
"1649","@booksfightback",12304
"1650","@lakotaman1",12300
"1651","@clitsanddoobies",12295
"1652","@lamkanahraf",12281
"1653","@irijackwaiten",12279
"1654","@debracaplan",12271
"1655","@alxndraisms",12267
"1656","@arocxo",12261
"1657","@aisf0rashley",12258
"1658","@rupasubramanya",12246
"1659","@avrahamcoopermd",12232
"1660","@fadedinmylastty",12225
"1661","@aaronsirisg",12189
"1662","@ohitslex",12153
"1663","@bangtanhiit",12108
"1664","@rachelkiki",12080
"1665","@john81393959",12078
"1666","@nathaliejacoby1",12072
"1667","@nursesheepie",12071
"1668","@dylanthyme",12062
"1669","@govhawaii",12050
"1670","@sofistadium",12019
"1671","@gogoarmys",11989
"1672","@drjbhattacharya",11982
"1673","@flukeis",11972
"1674","@rominasandeer",11972
"1675","@bmjlatest",11969
"1676","@keyon",11965
"1677","@CMOyeks",11948
"1678","@nigelfarage",11921
"1679","@mehdirhasan",11915
"1680","@pedsgeekmd",11887
"1681","@scenyor",11882
"1682","@dreamjeons",11868
"1683","@billclinton",11867
"1684","@patcullen9",11866
"1685","@armandhani",11834
"1686","@g0ingmad",11817
"1687","@gehrig38",11805
"1688","@iuvdoge",11803
"1689","@norafawn",11799
"1690","@audreythefinest",11795
"1691","@youarelobbylud",11748
"1692","@drsyedhaider",11734
"1693","@rorystewartuk",11724
"1694","@peteuk7",11712
"1695","@grosdoriane",11699
"1696","@bowtiedranger",11691
"1697","@itsjoebro",11680
"1698","@morgsandim",11671
"1699","@renatajbarreto",11625
"1700","@kchirutweets",11621
"1701","@fkabudu",11618
"1702","@kaveri59872487",11564
"1703","@AfricaFactsZone",11555
"1704","@nextgaara",11555
"1705","@poppyjuice",11530
"1706","@victoriahdzh",11524
"1707","@dobbyclub06",11523
"1708","@joellightbound",11511
"1709","@notandnam",11489
"1710","@thejoeyswoll",11481
"1711","@loloverruled",11437
"1712","@traceydelaney",11429
"1713","@cixdle",11398
"1714","@pompopai",11372
"1715","@jnghnlovr",11350
"1716","@ksorbs",11350
"1717","@tainaibi",11326
"1718","@bioleticia",11291
"1719","@sofiiherrera",11290
"1720","@DrDzul",11284
"1721","@ashakiiii",11281
"1722","@outiowill",11278
"1723","@chairmanglc",11273
"1724","@ikwilson",11270
"1725","@yiyieeen",11266
"1726","@i27ss",11241
"1727","@ericspracklen",11198
"1728","@bnonews",11194
"1729","@keeltyc",11170
"1730","@paulamoretii",11170
"1731","@siteptbr",11164
"1732","@amandsffc",11163
"1733","@bbublackpink",11162
"1734","@ggreenwald",11157
"1735","@partisangirl",11138
"1736","@kateyhagaman",11134
"1737","@jenniferharr",11128
"1738","@plmanseau",11117
"1739","@poisonivytae",11114
"1740","@anaclaramoniz",11109
"1741","@heroesincolor00",11106
"1742","@lovedoveclarke",11103
"1743","@idepiphd",11081
"1744","@MyFavsTrash",11009
"1745","@drdman",10987
"1746","@jdrucker",10970
"1747","@treasurevotes",10937
"1748","@sudchaw",10850
"1749","@camhoudini",10844
"1750","@jesflres",10818
"1751","@crwequine",10793
"1752","@ryandcrypto",10790
"1753","@jordanlovefan",10779
"1754","@travisakers",10763
"1755","@presssec",10760
"1756","@caitiedelaney",10752
"1757","@willtbh",10746
"1758","@idaskibenes",10725
"1759","@helpmeimskek",10720
"1760","@stillmanmd",10690
"1761","@janadahoui",10681
"1762","@ranojpegu",10678
"1763","@jimharringtonkk",10667
"1764","@marcusrashford",10665
"1765","@ABC",10652
"1766","@delucca",10640
"1767","@jamapediatrics",10639
"1768","@mrnishkumar",10634
"1769","@ezralevant",10623
"1770","@Pogllins",10620
"1771","@7korod",10556
"1772","@dnaofficial",10555
"1773","@tessardavis",10555
"1774","@swainforsenate",10554
"1775","@shawnsbreathin",10547
"1776","@abridgen",10527
"1777","@vicderbyshire",10522
"1778","@1goodtern",10520
"1779","@osakacoronav",10494
"1780","@parkjiminswhore",10471
"1781","@crycry84488",10466
"1782","@natasittttt",10448
"1783","@vincecoglianese",10444
"1784","@stephtaitwrites",10413
"1785","@lexialex",10397
"1786","@lateefsaka",10376
"1787","@4tiffanyjustice",10353
"1788","@possiblymadness",10347
"1789","@ijaicool",10346
"1790","@taranadarsh",10333
"1791","@andrejanonesadv",10297
"1792","@drjudymelinek",10281
"1793","@chaseencashe",10276
"1794","@davidprescott",10243
"1795","@armyteamiid",10215
"1796","@ayoair",10214
"1797","@DearDean22",10192
"1798","@OfficiallyAlly",10177
"1799","@5ecretnumber",10174
"1800","@jasonmeister",10173
"1801","@peepzii",10162
"1802","@tmz",10153
"1803","@sammy4723",10139
"1804","@iplaywithgerms",10113
"1805","@jwerb",10095
"1806","@dgurdasani1",10094
"1807","@takterqyira",10083
"1808","@antoniokeko9",10080
"1809","@biblesumett",10076
"1810","@thefineassbarb",10073
"1811","@moosechildd",10072
"1812","@jvnggkuk",10067
"1813","@shmierle",10061
"1814","@venste",10041
"1815","@tonishi0610",10022
"1816","@thestandardth",10008
"1817","@gimmedatjayy",10000
"1818","@unhrc",9997
"1819","@acaiijawe",9972
"1820","@BolsonaroSP",9957
"1821","@godjiraslove",9956
"1822","@claudiashein",9914
"1823","@alibushell",9905
"1824","@ccampbellbased",9903
"1825","@ieralee",9893
"1826","@ol7nnon",9883
"1827","@muhyiddinyassin",9881
"1828","@anthraxxxx",9876
"1829","@jeffsatur",9845
"1830","@rupalichadhamd",9818
"1831","@stkirsch",9813
"1832","@iamharaldur",9809
"1833","@pcaradusa1",9798
"1834","@joeygilbertinc",9797
"1835","@faridjalali",9699
"1836","@panda_dyke",9675
"1837","@tastefullytayy",9651
"1838","@arghavansalles",9642
"1839","@nongbuahup",9639
"1840","@ztpetrizzo",9634
"1841","@cwrnew",9625
"1842","@yaleite1",9616
"1843","@lithohedron",9596
"1844","@welcia_jp",9586
"1845","@NCStinn",9583
"1846","@sudburymike",9570
"1847","@michaelpbreton",9538
"1848","@unbridledmd",9538
"1849","@goodmiad",9529
"1850","@dailyloud",9527
"1851","@jonijonijoni",9519
"1852","@truckers8f",9511
"1853","@karleia",9505
"1854","@YouTube",9474
"1855","@omarmz",9451
"1856","@sudarush",9428
"1857","@backtolife_2023",9416
"1858","@fvillegasarg",9406
"1859","@betsyrodriguez",9397
"1860","@NicholsUprising",9362
"1861","@jltanigute",9337
"1862","@KHJEsq",9332
"1863","@diedsuddenly_",9323
"1864","@jaferdian",9304
"1865","@samanthariggs",9298
"1866","@unammx",9278
"1867","@stevephillipsmd",9266
"1868","@johnathanperk",9234
"1869","@lowkeyalbert",9232
"1870","@ebonyjhiltonmd",9227
"1871","@reginevlsqz",9227
"1872","@aprilbabybaby",9214
"1873","@fAiDaRaveE",9213
"1874","@ultrajantesinc",9195
"1875","@jeffgilchrist",9192
"1876","@Imamofpeace",9181
"1877","@ginacarano",9159
"1878","@shonakldn",9155
"1879","@poemsnpatron",9137
"1880","@dglo4me",9131
"1881","@SecPompeo",9121
"1882","@lhfang",9109
"1883","@aboutparesh",9104
"1884","@gladysb",9068
"1885","@faatimatorres",9060
"1886","@brandon24729993",9057
"1887","@caseydesantis",9027
"1888","@cbouzy",9024
"1889","@repgosar",9007
"1890","@beautymilk",9006
"1891","@trejames",8997
"1892","@PanamaRedin215",8985
"1893","@bokuwakumaa",8976
"1894","@ozraeliavi",8965
"1895","@timcast",8937
"1896","@jinniesarchives",8935
"1897","@globaltimesnews",8932
"1898","@syazwanismd",8919
"1899","@kendricklamar",8870
"1900","@repmarymiller",8841
"1901","@originalfunko",8838
"1902","@noorhal",8826
"1903","@jackjohnsoniv7",8810
"1904","@dustydweller",8785
"1905","@torranceeddie",8763
"1906","@LBGEEVEE",8737
"1907","@nazirafzal",8731
"1908","@deenoonandraws",8712
"1909","@mattlevy51",8689
"1910","@topazine",8686
"1911","@ohmpawatt",8684
"1912","@WSJ",8677
"1913","@tomfitton",8674
"1914","@AhlulQohwah",8671
"1915","@lwnzi",8666
"1916","@hotsh6t",8657
"1917","@ChinaDaily",8641
"1918","@addien90s",8628
"1919","@nohomelikeplace",8616
"1920","@TheWorldIsY",8533
"1921","@akheriaty",8474
"1922","@hels",8474
"1923","@estyinthecity",8459
"1924","@webzjeno",8447
"1925","@jessicaschalz",8430
"1926","@evavlaar",8421
"1927","@africanarchives",8374
"1928","@burackbobby",8346
"1929","@tanawatofficial",8336
"1930","@knotboots",8330
"1931","@jacobcabe",8322
"1932","@jamiesale",8310
"1933","@dyjuantatro",8282
"1934","@campbellclaret",8281
"1935","@xiranjayzhao",8277
"1936","@jlesgards",8276
"1937","@boom13003",8270
"1938","@avidascalu",8259
"1939","@illyanaism",8215
"1940","@wetruckfudeau",8194
"1941","@vonderleyen",8184
"1942","@schmittnyc",8151
"1943","@oatila",8150
"1944","@monicagarciag",8137
"1945","@marinamedvin",8131
"1946","@mahendr73237782",8120
"1947","@cbruno37",8106
"1948","@wasanaww",8085
"1949","@amitaryamd",8083
"1950","@guilhermeboulos",8053
"1951","@MoHFWINDIA",8040
"1952","@baelalayla",8034
"1953","@aliyahinterlude",8023
"1954","@nefj94",8001
"1955","@dhanushkraja",7995
"1956","@aliceysu",7994
"1957","@euprosecutor",7972
"1958","@TrumpWarRoom",7942
"1959","@conmeehan",7932
"1960","@drfrascatore",7883
"1961","@medriva",7849
"1962","@thrasherxy",7846
"1963","@babineer",7820
"1964","@binitakane",7820
"1965","@KarluskaP",7808
"1966","@pervocracy",7807
"1967","@robsheridan",7795
"1968","@sandyfrizzle",7772
"1969","@martineekag",7760
"1970","@jeonboops",7751
"1971","@CorneliaLG",7741
"1972","@haramaininfo",7736
"1973","@wflajustin",7732
"1974","@dorothy1parker",7701
"1975","@PrinceHAK33M",7676
"1976","@therealrukshan",7665
"1977","@rmtunion",7651
"1978","@thehowie",7645
"1979","@kevinmccaff",7641
"1980","@domunditv",7627
"1981","@johnpavlovitz",7623
"1982","@CNNIndonesia",7610
"1983","@katystoll",7606
"1984","@updatehld",7563
"1985","@cobratate",7556
"1986","@bennyjohnson",7551
"1987","@SJimons",7540
"1988","@susyrug",7539
"1989","@mikito_777",7530
"1990","@DrPaulGosar",7526
"1991","@paulettasofia",7526
"1992","@ronkelawal",7512
"1993","@jhndef",7511
"1994","@moodyknowsnada",7506
"1995","@darlashine",7502
"1996","@mamethebirb",7461
"1997","@binancebcf",7460
"1998","@fantagiomusic",7455
"1999","@20pclp",7454
"2000","@komradeperogie",7434
"2001","@francisnyc",7413
"2002","@coltonspkyle",7412
"2003","@omarriverosays",7406
"2004","@davidhogg111",7390
"2005","@maximebernier",7343
"2006","@larata",7312
"2007","@deelasheeart",7301
"2008","@beaorante",7300
"2009","@thotjanas",7297
"2010","@popplioikawa",7285
"2011","@glynispayne17",7274
"2012","@chantzy",7264
"2013","@mrahmadkmalik",7260
"2014","@eljorrgguod",7249
"2015","@prestonigwemd",7238
"2016","@fabiofaria",7193
"2017","@america1stlegal",7180
"2018","@breannamorello",7147
"2019","@Nazeefah",7126
"2020","@ekwulu",7121
"2021","@KemluRI",7120
"2022","@prismnolight",7110
"2023","@bease11",7094
"2024","@joshtpm",7089
"2025","@bontaemac10",7081
"2026","@defenceu",7074
"2027","@ecooperauthor",7072
"2028","@janyanis",7067
"2029","@reecejames",7060
"2030","@teampelosi",7060
"2031","@raisondtr",7059
"2032","@business",7055
"2033","@inteldotwav",7033
"2034","@asthehospturns",7024
"2035","@timrunshismouth",7022
"2036","@zee_pruk",7018
"2037","@aplloknight",6992
"2038","@discoseoul",6990
"2039","@justinhart",6986
"2040","@msuppasit",6975
"2041","@andyburnhamgm",6913
"2042","@mariemyungoklee",6890
"2043","@DeanHareethhh",6884
"2044","@PDChina",6859
"2045","@anapaul36076064",6820
"2046","@sjs856",6819
"2047","@harryilesmann",6805
"2048","@fellipebambam",6758
"2049","@HtownBabyG",6735
"2050","@livewithnoregrt",6717
"2051","@PrisonPlanet",6692
"2052","@victorydayhope",6684
"2053","@ohgeminii",6662
"2054","@aprokodoctor",6647
"2055","@annaclararange1",6631
"2056","@amaratjeab",6558
"2057","@charig",6557
"2058","@ChrisMurphyCT",6555
"2059","@prchovanec",6547
"2060","@therickydavila",6544
"2061","@pammyds",6533
"2062","@gabicerru",6511
"2063","@JeromePolin",6506
"2064","@verityfrance",6503
"2065","@cottoncandaddy",6477
"2066","@TomValletti",6470
"2067","@nuicemedia",6443
"2068","@sukunabikona7",6436
"2069","@lachlan",6431
"2070","@WBYeats1865",6403
"2071","@joeborellinyc",6383
"2072","@MrVop",6362
"2073","@roseareyes1",6361
"2074","@dashdobrofsky",6355
"2075","@logacrimz",6355
"2076","@swilua",6353
"2077","@bontaeeee",6340
"2078","@laseletzky",6334
"2079","@silencewedge",6312
"2080","@humangiri",6311
"2081","@bancha333",6300
"2082","@abruisedroad",6278
"2083","@delta_flare",6210
"2084","@juliastmi",6206
"2085","@ve4vendetta",6176
"2086","@anicacihla",6129
"2087","@nurindanisha",6113
"2088","@spicebae",6091
"2089","@albomp",6087
"2090","@nctdreamcenter",6061
"2091","@ap",6050
"2092","@luckytran",6031
"2093","@btstranslation",6008
"2094","@micheljessica",5979
"2095","@onewiththesand",5955
"2096","@cutoffatheknees",5952
"2097","@choquei",5944
"2098","@tinyunhwa",5934
"2099","@paulcogan",5910
"2100","@anupsbhandari",5903
"2101","@kidmanscill",5884
"2102","@fdrlst",5870
"2103","@bobwachter",5846
"2104","@desmondswayne",5840
"2105","@dylanhousman",5811
"2106","@drmohammadiadi1",5797
"2107","@restivogab",5758
"2108","@khairizulfadhli",5726
"2109","@zamenza",5723
"2110","@jpossum",5719
"2111","@nenethaifans",5703
"2112","@jdrogers",5698
"2113","@celiasanchezzzz",5690
"2114","@ibemmanuelle",5682
"2115","@alvesshadassa",5681
"2116","@schneidercm",5654
"2117","@drmanpreet007",5638
"2118","@davidoatkins",5629
"2119","@shireenmazari1",5623
"2120","@the_law_boy",5618
"2121","@mrspaceman",5606
"2122","@enhypen",5599
"2123","@mswerner",5559
"2124","@maxbrooksauthor",5555
"2125","@docsinging",5551
"2126","@roxmo",5550
"2127","@williedontmiss",5548
"2128","@ravaskar",5511
"2129","@enthoven_r",5510
"2130","@Melbrooks",5503
"2131","@dwuhlfelderlaw",5483
"2132","@jkirk",5442
"2133","@constantint",5400
"2134","@mysportsupdate",5394
"2135","@MarwanCendawan",5385
"2136","@fonsiloaiza",5365
"2137","@fecastanhari",5291
"2138","@the_meghaning",5272
"2139","@lbrycom",5269
"2140","@thsresister",5246
"2141","@neildphoenix",5231
"2142","@nijisanjiapp",5224
"2143","@irishecocritic",5221
"2144","@sansani23",5218
"2145","@ariannalp",5181
"2146","@_pammy_ds_",5160
"2147","@renztom",5124
"2148","@Nyscalo",5070
"2149","@btstranslation7",5005
"2150","@adonisdotpdf",5003
"2151","@adedetective",4971
"2152","@JordanRowes",4943
"2153","@recdtrh",4917
"2154","@sincerojesuis",4908
"2155","@jeffbezos",4896
"2156","@gypsymuvaa",4875
"2157","@telegraph",4861
"2158","@ke11ybender",4857
"2159","@timrobbins1",4839
"2160","@rossisongo",4796
"2161","@raadzzi",4773
"2162","@mon4kooyong",4760
"2163","@flymachabert",4722
"2164","@perpetualmaniac",4720
"2165","@actbrigitte",4674
"2166","@RomitBMD",4646
"2167","@afonsoborges",4609
"2168","@inadarkwood",4600
"2169","@indiatoday",4571
"2170","@scrowder",4518
"2171","@meestiie",4497
"2172","@moreandagain",4459
"2173","@drcarroll",4432
"2174","@labisbeticah",4396
"2175","@peterobi",4392
"2176","@clownworld_",4381
"2177","@phuromnee",4377
"2178","@mysevenwhaliens",4371
"2179","@vanessarner",4360
"2180","@idandizzy",4343
"2181","@whcos",4327
"2182","@HyundaiGlobal",4325
"2183","@ginasaysso",4306
"2184","@kempojesse",4274
"2185","@meaw8588",4265
"2186","@reneeyoxon",4230
"2187","@bucksexton",4194
"2188","@megjc28",4137
"2189","@ConflictsW",4107
"2190","@ursulav",4079
"2191","@wordsofsarah",4077
"2192","@hammadazhar",4004
"2193","@priiscilacolell",3995
"2194","@vigilantfox",3984
"2195","@charovargas",3971
"2196","@glennkirschner2",3949
"2197","@ncweaver",3925
"2198","@jonlevybu",3845
"2199","@david_r_morgan",3766
"2200","@ANI",3765
"2201","@igbohistofacts",3746
"2202","@clarievia",3686
"2203","@lynnmor01381535",3645
"2204","@ellenwalker65",3610
"2205","@takavet1",3591
"2206","@littlebirbmame",3581
"2207","@mzpoeticgoddes",3576
"2208","@daviddoel",3564
"2209","@prguy17",3563
"2210","@20w24",3412
"2211","@martinkulldorff",3367
"2212","@btsupdatesger",3352
"2213","@sethdillon",3314
"2214","@seriesbrasil",3304
"2215","@HLGatell",3283
"2216","@hunnusss",3267
"2217","@1024updates",3258
"2218","@carolynbennett",3245
"2219","@drfrancesryan",3234
"2220","@shelse",3204
"2221","@dhernandezlarez",3127
"2222","@zoraslovechild",3031
"2223","@yamazogaikuzo",2996
"2224","@iambrookjackson",2944
"2225","@rshivshankar",2883
"2226","@ianmsc",2861
"2227","@genokusa",2751
"2228","@avasantina",2648
"2229","@kityatesmaths",2638
"2230","@christinapushaw",2554
"2231","@cmishmom",2549
"2232","@forumpandlr",2453
"2233","@ezeokolorie",2427
"2234","@chelsisright",2400
"2235","@taoquei1",2296
"2236","@meiriane00",2233
"2237","@giorgiameloni",2156
"2238","@sensanders",1911
"2239","@komsakaddams",1809
"2240","@lukewearechange",1733
"2241","@philsandjenn",1714
"2242","@mfriasoficial",1601
"2243","@layahheilpern",1456
"2244","@tagemeiqi",1452
"2245","@FinanzasTime",1430
"2246","@RichardEngel",1427
"2247","@maureenjohnson",1274
"2248","@brazilfight",1220
"2249","@ezracheungtoto",1210
"2250","@StandNewsHK",825
"2251","@davidmalpasswbg",745
"2252","@mattwallace888",731
"2253","@fadecorner",708
"2254","@rycunni",603
"2255","@rob_roos",510
"2256","@fcenm_ily1",169
"2257","@betchi_valtanv",28
"2258","@whatthekpop1",6
"2259","@anecdotalsmovie",5
"2260","@drneilstone",5
"2261","@99logs",4
"2262","@bmg_bund",2
"2263","@olafgersemann",2
"2264","@ayurvedapma",1
"2265","@craftsbyalison",1
"2266","@gthibiki",1
"2267","@nqrse",1
